{"mean": [17.258, 753401.3716666667, 1273642.954, 697803.9496666667, 2724848.2753333333, 2.1376666666666666], "scale": [10.8389776270643, 663077.2325486412, 935219.1052399029, 447301.8726233349, 1306968.006239854, 1.6771149500125455]}